Episode,Loss,Average Q
4,12.210796356201172,0.7263593077659607
4,10.654544830322266,0.7224526405334473
5,13.711220741271973,0.7155592441558838
5,15.200335502624512,0.7322638630867004
5,16.860868453979492,0.6636119484901428
5,14.969260215759277,0.7542961835861206
5,16.85087776184082,0.8605283498764038
5,16.397293090820312,0.8063516616821289
5,16.193294525146484,0.7297691106796265
5,15.040975570678711,0.8269816040992737
5,14.6049165725708,0.8511835336685181
5,13.54296875,0.8290524482727051
5,14.728506088256836,0.8830729126930237
5,15.169435501098633,0.8165979981422424
5,15.998873710632324,0.8819929957389832
6,12.872650146484375,0.8900331854820251
6,12.252745628356934,0.8663960099220276
6,13.577812194824219,0.7744676470756531
6,14.804244995117188,0.9651310443878174
6,14.173506736755371,0.8382262587547302
6,16.95556640625,0.9345750212669373
6,16.354021072387695,0.9031078219413757
6,8.723505973815918,1.0457297563552856
6,13.256531715393066,0.9946086406707764
6,11.85646915435791,1.0372674465179443
6,14.76405143737793,1.0342135429382324
6,14.36143970489502,1.02240788936615
6,12.451823234558105,1.0653283596038818
7,12.19143295288086,0.9788120985031128
7,14.007035255432129,1.2469022274017334
7,12.819435119628906,1.0973199605941772
7,11.800127029418945,1.0318050384521484
7,13.752335548400879,1.1316895484924316
7,10.370962142944336,1.1104834079742432
7,11.70614242553711,1.1568303108215332
7,11.2396821975708,1.0391944646835327
7,13.539824485778809,1.2171454429626465
7,13.178720474243164,1.0216246843338013
7,11.93826675415039,1.1867258548736572
7,8.877202987670898,1.1389803886413574
7,14.829328536987305,0.9416226744651794
8,7.626515865325928,1.0266263484954834
8,10.981947898864746,1.1439446210861206
8,10.040340423583984,1.0369031429290771
8,13.24394702911377,1.1078145503997803
8,9.602493286132812,1.0818467140197754
8,13.404953956604004,1.0593570470809937
8,10.46335506439209,1.1164519786834717
8,14.310013771057129,1.111897349357605
8,13.52681827545166,1.021538496017456
8,12.346837043762207,1.1187814474105835
8,10.499089241027832,1.0924949645996094
8,8.648714065551758,1.1255251169204712
8,13.89709186553955,0.9999744296073914
9,13.126891136169434,1.2209858894348145
9,13.028897285461426,1.0713225603103638
9,11.138130187988281,0.8919162750244141
9,11.44528579711914,1.131249189376831
9,8.987361907958984,1.177128553390503
9,12.755125045776367,0.9495083093643188
9,11.72370433807373,1.1039587259292603
9,13.992646217346191,1.2296265363693237
9,13.543198585510254,1.1513422727584839
9,10.531379699707031,1.0487481355667114
9,9.165797233581543,1.0923351049423218
9,10.197911262512207,0.974851131439209
9,10.202901840209961,1.2307689189910889
10,8.717710494995117,1.1094516515731812
10,11.869147300720215,1.0456100702285767
10,13.107339859008789,0.8949064016342163
10,9.922260284423828,1.0943162441253662
10,15.676270484924316,1.2466678619384766
10,14.59219741821289,1.2089788913726807
10,14.292030334472656,1.2933878898620605
10,9.94301986694336,1.089323878288269
10,12.003698348999023,1.10326087474823
10,7.892398357391357,1.184888482093811
10,9.334455490112305,1.1433740854263306
10,13.93606185913086,1.122926950454712
10,11.451775550842285,1.1648368835449219
11,10.63878059387207,1.1221206188201904
11,14.751913070678711,1.1272906064987183
11,13.63931655883789,1.2818702459335327
11,9.345075607299805,1.0770258903503418
11,10.831539154052734,1.2025551795959473
11,11.72451114654541,1.2029571533203125
11,12.38296890258789,1.1291747093200684
11,12.46041488647461,1.1293145418167114
11,11.952272415161133,1.271440029144287
11,13.305747032165527,1.4201804399490356
11,14.699886322021484,1.327530026435852
11,14.310617446899414,1.315445065498352
11,12.971282958984375,1.306149959564209
12,11.826869010925293,1.28960382938385
12,15.356081008911133,1.2513008117675781
12,10.592696189880371,1.4743106365203857
12,10.883037567138672,1.3204267024993896
12,12.522041320800781,1.2544503211975098
12,13.996037483215332,1.1692006587982178
12,12.679285049438477,1.3404905796051025
12,10.975931167602539,1.430342674255371
12,14.149563789367676,1.2752821445465088
12,11.97297191619873,1.463436245918274
12,13.725724220275879,1.4597116708755493
12,13.466836929321289,1.4268836975097656
12,11.882953643798828,1.5203208923339844
13,7.72281551361084,1.301088809967041
13,14.347372055053711,1.3401826620101929
13,11.520411491394043,1.3916845321655273
13,11.192113876342773,1.42757248878479
13,13.129188537597656,1.52292001247406
13,6.786326885223389,1.2512778043746948
13,10.79941463470459,1.3666692972183228
13,14.782912254333496,1.4307547807693481
13,12.573532104492188,1.326310157775879
13,12.079097747802734,1.4443652629852295
13,12.157317161560059,1.4119526147842407
13,7.5867390632629395,1.3070882558822632
13,13.101338386535645,1.222869873046875
14,9.566210746765137,1.3855682611465454
14,9.811628341674805,1.381591558456421
14,11.62261962890625,1.3187367916107178
14,9.483219146728516,1.4185094833374023
14,11.725034713745117,1.4075216054916382
14,11.404345512390137,1.310922622680664
14,9.852273941040039,1.5596991777420044
14,8.613153457641602,1.5604220628738403
14,14.166004180908203,1.3286919593811035
14,12.005207061767578,1.5996129512786865
14,10.646432876586914,1.3485772609710693
14,11.8980712890625,1.4139925241470337
14,12.081207275390625,1.495149850845337
15,10.534130096435547,1.4873332977294922
15,10.62818717956543,1.3293824195861816
15,14.35350227355957,1.6161009073257446
15,16.09524917602539,1.5369120836257935
15,9.048213005065918,1.366186499595642
15,13.110206604003906,1.5843980312347412
15,9.066350936889648,1.4869258403778076
15,8.930288314819336,1.5666605234146118
15,11.227948188781738,1.716841220855713
15,9.863504409790039,1.5003995895385742
15,10.666475296020508,1.6228373050689697
15,12.389789581298828,1.608035683631897
15,16.37820053100586,1.5011932849884033
16,11.82043170928955,1.5866386890411377
16,11.01512622833252,1.5027762651443481
16,8.087801933288574,1.7545926570892334
16,16.150541305541992,1.5274055004119873
16,13.193852424621582,1.4461240768432617
16,11.737749099731445,1.6404811143875122
16,13.297086715698242,1.4202951192855835
16,11.929716110229492,1.2894558906555176
16,8.765463829040527,1.676573634147644
16,10.69724178314209,1.5546871423721313
16,10.219447135925293,1.6441127061843872
16,9.629816055297852,1.4541500806808472
16,12.99352741241455,1.5653403997421265
17,8.400614738464355,1.399247407913208
17,10.527345657348633,1.4685286283493042
17,14.05927848815918,1.5363030433654785
17,14.80057144165039,1.393394112586975
17,17.95015525817871,1.332336187362671
17,14.013108253479004,1.7352288961410522
17,11.06184196472168,1.6873581409454346
17,13.30749797821045,1.683327555656433
17,7.559651851654053,1.514419436454773
17,9.253957748413086,1.6099343299865723
17,8.288225173950195,1.5566643476486206
17,12.827143669128418,1.5765323638916016
17,11.80099105834961,1.811238169670105
18,11.229891777038574,1.5806047916412354
18,11.69754409790039,1.630658745765686
18,9.477999687194824,1.5953435897827148
18,14.135272026062012,1.5802996158599854
18,18.731224060058594,1.6235324144363403
18,11.710722923278809,1.7200875282287598
18,14.186674118041992,1.654363751411438
18,15.241931915283203,1.6054127216339111
18,8.312828063964844,1.5680480003356934
18,9.532973289489746,1.9265435934066772
18,11.976613998413086,1.568576693534851
18,14.510332107543945,1.6536357402801514
18,9.470507621765137,1.697550892829895
19,9.900985717773438,1.7119649648666382
19,12.206883430480957,1.9771456718444824
19,11.883322715759277,1.9652647972106934
19,11.735540390014648,1.7774115800857544
19,7.973313808441162,1.7603371143341064
19,8.605793952941895,1.6078964471817017
19,9.209881782531738,1.9740906953811646
19,7.8419036865234375,1.786929965019226
19,13.051980972290039,2.0085461139678955
19,8.690937042236328,1.7635139226913452
19,9.968913078308105,1.863594651222229
19,17.09380340576172,1.8448314666748047
19,8.881969451904297,1.887613296508789
20,9.739670753479004,1.7545130252838135
20,7.399040222167969,1.79780912399292
20,15.348718643188477,1.6594430208206177
20,10.682443618774414,1.7363569736480713
20,14.373228073120117,1.649104118347168
20,11.19877815246582,1.8374779224395752
20,14.507830619812012,1.8841215372085571
20,8.994882583618164,1.9566526412963867
20,17.35363006591797,1.6913416385650635
20,8.353471755981445,1.5758715867996216
20,10.541215896606445,1.8206477165222168
20,9.645298957824707,2.0391173362731934
20,13.236011505126953,1.8502153158187866
21,10.578990936279297,1.7451808452606201
21,12.009688377380371,1.676220417022705
21,9.3192720413208,2.0920093059539795
21,9.200519561767578,1.8460944890975952
21,11.681779861450195,1.828848958015442
21,12.722734451293945,2.0234906673431396
21,9.888401985168457,1.9930812120437622
21,8.846708297729492,1.6226582527160645
21,11.428045272827148,1.8410993814468384
21,10.657244682312012,1.658873438835144
21,13.577958106994629,1.7916574478149414
21,12.779167175292969,1.9158079624176025
21,9.38016128540039,1.9392869472503662
22,10.286170959472656,1.8510173559188843
22,13.651898384094238,1.7340790033340454
22,7.808274269104004,1.9081823825836182
22,9.433695793151855,2.1014649868011475
22,10.738861083984375,1.8768671751022339
22,10.639863967895508,1.959012508392334
22,10.973835945129395,1.9028778076171875
22,10.489535331726074,2.01023530960083
22,12.195145606994629,2.0626726150512695
22,12.347484588623047,1.9795465469360352
22,9.20872974395752,2.145174741744995
22,9.237022399902344,1.856963872909546
22,9.202149391174316,1.9483435153961182
23,9.180865287780762,1.7780258655548096
23,10.938726425170898,1.7940961122512817
23,10.015793800354004,2.298126697540283
23,13.685929298400879,1.953818678855896
23,15.239112854003906,2.0460283756256104
23,10.624224662780762,1.9672579765319824
23,12.505658149719238,1.921749472618103
23,13.542277336120605,2.02032470703125
23,8.578569412231445,2.0128748416900635
23,8.484840393066406,1.9758436679840088
23,10.56827449798584,2.197519540786743
23,5.769466400146484,2.1361637115478516
23,10.840304374694824,1.8707845211029053
24,11.785051345825195,2.0401244163513184
24,10.868485450744629,2.0221617221832275
24,11.28207778930664,1.953471302986145
24,6.778348922729492,2.192993640899658
24,10.446439743041992,2.1576900482177734
24,10.077118873596191,2.3643953800201416
24,10.503439903259277,1.884925365447998
24,11.970458030700684,1.9130265712738037
24,8.222744941711426,1.8704757690429688
24,7.8284478187561035,2.2383055686950684
24,11.366369247436523,2.0294055938720703
24,8.678190231323242,2.1435728073120117
24,9.930785179138184,1.99873948097229
25,10.05778694152832,2.324378252029419
25,8.69253921508789,2.3180835247039795
25,9.399084091186523,2.1052348613739014
25,8.456949234008789,1.925592064857483
25,8.808841705322266,2.0747475624084473
25,12.476208686828613,1.9891471862792969
25,9.543740272521973,2.205421209335327
25,12.35699462890625,1.8179551362991333
25,7.657599449157715,2.2275617122650146
25,7.6010236740112305,2.3860983848571777
25,4.782582759857178,2.0360984802246094
25,10.633386611938477,2.137233257293701
25,8.948594093322754,2.1314504146575928
26,6.014159202575684,2.22149395942688
26,10.977362632751465,2.282606840133667
26,9.85329818725586,2.1117513179779053
26,8.965309143066406,2.040134906768799
26,10.71843147277832,2.2873013019561768
26,7.532095909118652,1.8629274368286133
26,11.147112846374512,2.2586100101470947
26,14.838205337524414,2.2189180850982666
26,8.005934715270996,2.1080455780029297
26,6.908078670501709,2.2908918857574463
26,12.262079238891602,2.072721242904663
26,6.948509216308594,2.105616569519043
26,9.422093391418457,2.214902639389038
27,14.3314208984375,2.1852402687072754
27,7.967979431152344,2.599057197570801
27,14.371847152709961,2.3341996669769287
27,9.985024452209473,2.3670730590820312
27,12.105780601501465,2.1432313919067383
27,7.425957679748535,2.32666015625
27,11.894503593444824,2.0425870418548584
27,11.143136024475098,2.230740785598755
27,8.08055591583252,2.083146095275879
27,13.837544441223145,2.17021107673645
27,8.605060577392578,2.277496814727783
27,11.026440620422363,2.338805913925171
27,11.91931438446045,2.6045749187469482
28,10.098166465759277,2.2516682147979736
28,10.48180866241455,2.64857816696167
28,15.04581356048584,2.369138240814209
28,10.08084487915039,2.197533130645752
28,11.321629524230957,2.114795684814453
28,9.06162166595459,2.402836322784424
28,14.154749870300293,1.9572737216949463
28,9.961249351501465,2.411679744720459
28,11.210881233215332,2.2080163955688477
28,6.46779727935791,2.472684860229492
28,12.490551948547363,2.288459300994873
28,8.527444839477539,2.383554458618164
28,13.588364601135254,1.9176911115646362
29,10.900693893432617,2.304380416870117
29,12.507963180541992,2.459125280380249
29,12.360284805297852,2.4197793006896973
29,9.286014556884766,2.5186736583709717
29,13.299571990966797,2.261852502822876
29,13.569368362426758,1.9933756589889526
29,15.866815567016602,2.3904056549072266
29,11.787643432617188,2.604092836380005
29,10.229280471801758,2.400433301925659
29,9.499197006225586,2.4866714477539062
29,7.691446304321289,2.495608329772949
29,12.74000358581543,2.4688034057617188
29,11.724088668823242,2.4384238719940186
30,15.251617431640625,2.30897855758667
30,9.189620018005371,2.2569806575775146
30,6.2082905769348145,2.348057985305786
30,12.59681510925293,2.3603155612945557
30,7.749643802642822,2.3243446350097656
30,12.683772087097168,2.3949038982391357
30,10.600395202636719,2.3360495567321777
30,10.037566184997559,2.478546142578125
30,12.924785614013672,2.333218812942505
30,7.685667514801025,2.297686815261841
30,10.81655216217041,2.454633951187134
30,8.045905113220215,2.009716033935547
30,10.814310073852539,2.398225784301758
31,7.844388008117676,2.700821876525879
31,15.424003601074219,2.4441492557525635
31,6.738561630249023,2.397670269012451
31,9.183972358703613,2.6301465034484863
31,9.453933715820312,2.542670965194702
31,9.699127197265625,2.8357129096984863
31,11.339428901672363,2.3465166091918945
31,9.853473663330078,2.5730032920837402
31,12.67960262298584,2.3165175914764404
31,8.050025939941406,2.506359100341797
31,8.863073348999023,2.4822838306427
31,8.212679862976074,2.603318929672241
31,10.369277954101562,2.2698276042938232
32,10.102913856506348,2.4520459175109863
32,11.8665771484375,2.1723976135253906
32,8.32894515991211,2.455660343170166
32,8.182519912719727,2.62660551071167
32,6.134014129638672,2.642986297607422
32,12.812599182128906,2.630851984024048
32,7.346068859100342,2.471142530441284
32,6.785717010498047,2.6603925228118896
32,10.130424499511719,2.366884469985962
32,8.580476760864258,2.568239212036133
32,10.090669631958008,2.6418466567993164
32,9.764016151428223,2.522563934326172
32,11.718503952026367,2.254730224609375
33,11.171335220336914,2.602236747741699
33,7.643989562988281,2.5539188385009766
33,10.772906303405762,2.427267074584961
33,10.374853134155273,2.558565378189087
33,10.279951095581055,2.415477752685547
33,12.469128608703613,2.5831446647644043
33,9.638265609741211,2.567413568496704
33,9.320046424865723,2.5683157444000244
33,10.31401252746582,2.568537712097168
33,11.724942207336426,2.4731814861297607
33,13.365543365478516,2.585453987121582
33,7.3404459953308105,2.7376198768615723
33,17.318498611450195,2.5196456909179688
34,11.782051086425781,2.668269634246826
34,7.5894551277160645,2.6063003540039062
34,6.28336238861084,2.6974434852600098
34,10.809443473815918,2.4576001167297363
34,10.659957885742188,2.7794253826141357
34,11.499421119689941,2.641248941421509
34,8.479302406311035,2.89347243309021
34,11.152868270874023,2.2492148876190186
34,12.462846755981445,2.586644411087036
34,7.23138952255249,2.908431053161621
34,7.954531192779541,2.6761887073516846
34,12.120136260986328,2.5379254817962646
34,9.86562728881836,2.3598811626434326
35,10.883668899536133,2.654296398162842
35,10.583168983459473,2.523393154144287
35,9.823219299316406,2.4246273040771484
35,12.293407440185547,2.6436829566955566
35,9.3897705078125,2.7471067905426025
35,11.150012969970703,2.7243239879608154
35,6.436883449554443,3.078204870223999
35,9.723725318908691,2.8265109062194824
35,13.26271915435791,2.5338172912597656
35,9.494287490844727,2.5872416496276855
35,11.635713577270508,2.7667741775512695
35,10.818658828735352,2.456954002380371
35,7.320734977722168,2.832082986831665
36,7.0879693031311035,2.518594741821289
36,10.14651870727539,2.7096128463745117
36,8.8020658493042,2.59788179397583
36,7.355710029602051,2.8203940391540527
36,7.9715046882629395,2.7372090816497803
36,11.945473670959473,2.7927708625793457
36,9.143790245056152,2.573106288909912
36,9.4176025390625,2.8436119556427
36,7.633148670196533,2.845055103302002
36,9.199841499328613,2.731462001800537
36,10.688297271728516,2.505089044570923
36,10.411581039428711,2.5130558013916016
36,12.539606094360352,2.79495906829834
37,8.414674758911133,2.6581900119781494
37,7.640015602111816,2.8695647716522217
37,5.405279636383057,2.768178701400757
37,11.495342254638672,2.6103174686431885
37,7.9964776039123535,2.848797559738159
37,9.674477577209473,2.869727849960327
37,7.925563812255859,2.90098237991333
37,6.247119426727295,2.8554751873016357
37,12.90665054321289,3.070464849472046
37,16.21150779724121,2.6998469829559326
37,8.811351776123047,2.7049307823181152
37,6.551065921783447,2.6187970638275146
37,10.429985046386719,2.7196285724639893
38,9.141536712646484,2.691492795944214
38,9.148143768310547,2.6958038806915283
38,9.904413223266602,2.898310661315918
38,9.128927230834961,2.908184051513672
38,9.914916038513184,2.934070587158203
38,11.096237182617188,2.6300222873687744
38,10.715347290039062,2.762651205062866
38,17.19452667236328,2.828280210494995
38,6.679139137268066,2.849325656890869
38,7.386417865753174,2.8740084171295166
38,9.372441291809082,2.92155122756958
38,10.551629066467285,2.894595146179199
38,6.902749061584473,2.795990467071533
39,11.894383430480957,2.8836116790771484
39,11.149600982666016,2.8983707427978516
39,12.319992065429688,2.9539120197296143
39,8.425334930419922,2.812906503677368
39,7.28728723526001,2.9878430366516113
39,8.319999694824219,2.949112892150879
39,6.95324182510376,2.6387648582458496
39,7.623966217041016,3.059948444366455
39,12.97801399230957,3.009998321533203
39,8.099675178527832,2.549898386001587
39,11.366622924804688,2.9099953174591064
39,12.025883674621582,3.0827741622924805
39,9.058138847351074,2.99051570892334
40,7.02070426940918,2.730271816253662
40,5.684233665466309,2.8386459350585938
40,8.912479400634766,3.029634952545166
40,12.476566314697266,2.8203651905059814
40,11.26241683959961,3.0634422302246094
40,10.097867012023926,2.880713939666748
40,13.627083778381348,2.8521549701690674
40,10.45176887512207,2.928863525390625
40,8.57535171508789,2.856873035430908
40,15.091105461120605,2.8321428298950195
40,7.458912372589111,3.1457505226135254
40,10.367151260375977,2.9240803718566895
40,8.948180198669434,2.743163824081421
41,14.242210388183594,2.6672513484954834
41,14.490792274475098,2.8522748947143555
41,10.558116912841797,2.758727788925171
41,14.950870513916016,2.8289875984191895
41,9.727357864379883,3.0976226329803467
41,11.214179992675781,3.081727981567383
41,9.638679504394531,2.841230630874634
41,7.764349460601807,3.0262393951416016
41,9.02367115020752,3.058577060699463
41,9.924781799316406,2.861823320388794
41,12.454994201660156,3.4057018756866455
41,9.401681900024414,2.7755932807922363
41,4.5318779945373535,2.9275147914886475
42,10.646063804626465,2.9640252590179443
42,10.544648170471191,2.9719014167785645
42,13.588593482971191,2.9124512672424316
42,10.728473663330078,2.6224117279052734
42,12.073878288269043,2.922269821166992
42,8.886313438415527,2.777688503265381
42,8.930706977844238,3.0068557262420654
42,9.127603530883789,3.0874037742614746
42,10.44873046875,2.8789873123168945
42,12.711136817932129,2.8004868030548096
42,9.38847541809082,3.2905654907226562
42,8.173870086669922,3.0481834411621094
42,9.206727981567383,2.976764678955078
43,13.207891464233398,2.968791961669922
43,10.39270305633545,2.861508846282959
43,10.943017959594727,3.336878538131714
43,10.688701629638672,3.105405330657959
43,7.123468399047852,3.0339770317077637
43,8.008613586425781,3.1762876510620117
43,12.818100929260254,2.875779151916504
43,8.927984237670898,3.208095073699951
43,10.066770553588867,2.7639737129211426
43,8.814125061035156,2.979058027267456
43,11.370467185974121,3.169778823852539
43,16.96552276611328,2.903533935546875
43,14.338796615600586,2.9441287517547607
44,8.58987045288086,3.2773051261901855
44,8.183091163635254,2.9406771659851074
44,10.437517166137695,3.046511650085449
44,6.127624988555908,3.176419258117676
44,11.604917526245117,2.9464478492736816
44,11.387234687805176,3.192918539047241
44,13.78396224975586,2.928971529006958
44,12.063728332519531,3.084904432296753
44,9.81850814819336,3.3094029426574707
44,7.830041885375977,3.1700353622436523
44,11.468219757080078,3.2254998683929443
44,10.510408401489258,3.3964247703552246
44,8.097963333129883,3.1013729572296143
45,8.735175132751465,3.2752978801727295
45,8.492477416992188,3.1470985412597656
45,15.722344398498535,3.3359804153442383
45,9.80956745147705,3.484799861907959
45,8.5302734375,3.065927267074585
45,13.631255149841309,3.256200075149536
45,10.511760711669922,3.232834815979004
45,8.296156883239746,3.138247013092041
45,9.239413261413574,3.197204113006592
45,9.861720085144043,3.299415111541748
45,9.791573524475098,3.15078067779541
45,8.983665466308594,3.1567471027374268
45,7.709839344024658,3.1405186653137207
46,10.875415802001953,3.030142307281494
46,13.317766189575195,3.182621479034424
46,8.519335746765137,3.4624290466308594
46,11.00626277923584,2.9974722862243652
46,8.6749849319458,3.0317423343658447
46,7.898197650909424,3.838132381439209
46,11.057761192321777,3.1620566844940186
46,12.21200942993164,3.139427900314331
46,11.884363174438477,2.9555118083953857
46,7.684083938598633,3.3197224140167236
46,12.777100563049316,3.037097930908203
46,9.812175750732422,3.138352632522583
46,9.318549156188965,3.203007698059082
47,5.825571060180664,3.5742342472076416
47,10.050923347473145,3.2134714126586914
47,9.304084777832031,3.2791664600372314
47,13.031206130981445,3.3800625801086426
47,8.074238777160645,3.4873223304748535
47,6.775389671325684,3.251962661743164
47,14.122282028198242,3.1041698455810547
47,7.3107523918151855,3.2060625553131104
47,7.63731050491333,3.6163549423217773
47,14.191468238830566,3.4155662059783936
47,4.579049587249756,3.62573504447937
47,14.839248657226562,3.238335609436035
47,9.171163558959961,3.519009828567505
48,12.499589920043945,3.324014902114868
48,14.254019737243652,3.4344112873077393
48,14.499414443969727,2.9348509311676025
48,5.116825103759766,3.6542274951934814
48,8.991131782531738,3.5118863582611084
48,13.89827823638916,3.1847586631774902
48,12.781156539916992,2.5860612392425537
48,9.389554023742676,3.2194247245788574
48,7.744244575500488,3.4290621280670166
48,7.603785037994385,3.344244956970215
48,10.336941719055176,3.447387218475342
48,8.821698188781738,3.433544158935547
48,9.824819564819336,3.590426445007324
49,5.482934474945068,3.2822256088256836
49,10.941614151000977,3.555649757385254
49,9.300395965576172,3.105269193649292
49,7.2731547355651855,3.5106658935546875
49,8.219805717468262,3.1991939544677734
49,10.274750709533691,3.48364520072937
49,12.833036422729492,3.3937602043151855
49,6.907214641571045,3.8767926692962646
49,9.615224838256836,3.6607308387756348
49,11.072332382202148,3.3252322673797607
49,10.307907104492188,3.297555685043335
49,6.507932662963867,3.392329216003418
49,13.811288833618164,3.3885817527770996
50,10.501483917236328,3.426161289215088
50,9.7796630859375,3.2803945541381836
50,8.157773971557617,3.4399423599243164
50,9.823062896728516,3.3848960399627686
50,10.150321960449219,3.3742260932922363
50,13.478845596313477,3.73594069480896
50,8.647226333618164,3.5054709911346436
50,8.22979736328125,3.701693058013916
50,12.105754852294922,3.144946575164795
50,15.891164779663086,3.2470345497131348
50,10.84044075012207,3.5711255073547363
50,9.027658462524414,3.7448477745056152
50,11.57197093963623,3.7502877712249756
51,6.396293640136719,3.676149368286133
51,9.243906021118164,3.4360413551330566
51,10.30794620513916,3.505309581756592
51,13.407392501831055,3.5573532581329346
51,11.336077690124512,3.182729721069336
51,10.18052864074707,3.5098209381103516
51,5.648383140563965,3.931056499481201
51,9.786800384521484,3.4525654315948486
51,11.437612533569336,3.8582067489624023
51,10.7028169631958,3.3467936515808105
51,7.04624605178833,3.4351251125335693
51,11.66076374053955,3.505589723587036
51,8.22860050201416,3.566932439804077
52,7.724713325500488,3.5076587200164795
52,7.379240989685059,3.254456043243408
52,9.136897087097168,3.225351333618164
52,9.287895202636719,3.6276721954345703
52,11.694646835327148,3.345266103744507
52,11.336515426635742,3.5037636756896973
52,11.593259811401367,3.13960862159729
52,9.949795722961426,3.568696975708008
52,9.073881149291992,3.4375710487365723
52,9.018540382385254,3.4799342155456543
52,12.214844703674316,3.2276415824890137
52,6.72819185256958,3.672248601913452
52,13.384958267211914,3.6222856044769287
53,7.305666446685791,3.602522611618042
53,8.676311492919922,3.636911153793335
53,12.994300842285156,3.5309031009674072
53,13.470843315124512,3.5235960483551025
53,6.015714168548584,3.4761009216308594
53,10.79187297821045,3.576843738555908
53,6.160512447357178,3.396188974380493
53,10.380240440368652,3.5043013095855713
53,12.002355575561523,3.3993914127349854
53,9.78634262084961,3.6825313568115234
53,10.641096115112305,3.3709444999694824
53,7.537902355194092,3.4310245513916016
53,8.787335395812988,3.593303918838501
54,12.643926620483398,3.4133238792419434
54,8.788226127624512,3.531215190887451
54,11.45744514465332,3.8328018188476562
54,9.647619247436523,3.848620891571045
54,10.750116348266602,3.234280586242676
54,15.713233947753906,3.5344672203063965
54,8.55300521850586,3.221991539001465
54,8.435595512390137,3.4172143936157227
54,8.395336151123047,3.4930050373077393
54,9.426880836486816,3.658031463623047
54,9.358863830566406,3.3893847465515137
54,10.883047103881836,3.762479782104492
54,11.317350387573242,3.7106058597564697
55,9.526829719543457,3.9179677963256836
55,10.487056732177734,3.265390157699585
55,8.445825576782227,3.8507890701293945
55,7.276455402374268,3.517077922821045
55,9.726004600524902,3.4403014183044434
55,9.75340747833252,3.689741611480713
55,8.724647521972656,3.4410505294799805
55,11.61773681640625,3.4803590774536133
55,10.813990592956543,3.517670154571533
55,6.490690231323242,3.7231998443603516
55,11.562175750732422,3.462488889694214
55,8.122420310974121,3.7158827781677246
55,9.26005744934082,3.941314458847046
56,11.135514259338379,3.6619434356689453
56,11.734164237976074,3.7510228157043457
56,10.433581352233887,3.559431314468384
56,10.18562126159668,3.4966306686401367
56,8.243437767028809,3.9128947257995605
56,8.854694366455078,3.93820858001709
56,7.862155914306641,3.6643192768096924
56,7.459122657775879,3.6146113872528076
56,11.921589851379395,3.7655181884765625
56,11.425603866577148,3.732029676437378
56,7.017127513885498,3.904158115386963
56,10.15442943572998,3.890191078186035
56,10.028608322143555,3.532621383666992
57,11.920666694641113,3.544070243835449
57,10.564004898071289,3.5470638275146484
57,8.18947982788086,3.675375461578369
57,7.479338645935059,3.557945489883423
57,6.254697799682617,3.514610767364502
57,10.802695274353027,3.658543348312378
57,7.4976043701171875,4.004997253417969
57,9.159930229187012,3.617770195007324
57,11.132057189941406,3.94917368888855
57,7.1313862800598145,3.7808778285980225
57,9.50622272491455,3.4743919372558594
57,7.853926658630371,4.163219451904297
57,9.031926155090332,3.548987627029419
58,9.375288009643555,4.279343605041504
58,15.008893966674805,3.844470739364624
58,9.461186408996582,3.56992506980896
58,10.132726669311523,3.4745676517486572
58,8.330398559570312,3.3648130893707275
58,8.884615898132324,3.832287311553955
58,9.014569282531738,4.178030490875244
58,8.566376686096191,3.8824844360351562
58,10.620050430297852,4.126149654388428
58,7.437387943267822,3.681387186050415
58,9.284736633300781,3.6756269931793213
58,10.178608894348145,3.879983425140381
58,7.889947414398193,3.688464403152466
59,10.30023193359375,3.593997001647949
59,11.074067115783691,3.932697296142578
59,10.932794570922852,3.7744202613830566
59,10.21796703338623,3.587878942489624
59,7.590002059936523,3.6969475746154785
59,8.609591484069824,4.034461975097656
59,8.084657669067383,3.5132784843444824
59,13.166378021240234,4.053454399108887
59,9.881047248840332,3.938261032104492
59,9.715306282043457,3.918693780899048
59,6.819352626800537,3.927002429962158
59,10.648399353027344,3.778933525085449
59,11.552370071411133,4.045703887939453
60,13.57861614227295,3.6286230087280273
60,7.901057720184326,3.9966018199920654
60,9.061359405517578,3.82075834274292
60,8.968586921691895,3.808788776397705
60,5.802302360534668,3.956437349319458
60,9.063034057617188,3.7559359073638916
60,8.047944068908691,3.918947696685791
60,9.877585411071777,3.717895030975342
60,9.70679759979248,3.795288562774658
60,9.580425262451172,3.8014259338378906
60,10.463069915771484,3.5399978160858154
60,7.36337947845459,4.140678882598877
60,6.004873752593994,3.8962719440460205
61,7.888245582580566,3.8150432109832764
61,8.732010841369629,3.90358829498291
61,10.688401222229004,3.6680572032928467
61,7.840240478515625,4.085906982421875
61,8.54471206665039,3.9697461128234863
61,10.084254264831543,4.112094879150391
61,8.883747100830078,4.032696723937988
61,9.000011444091797,4.245552062988281
61,8.669105529785156,3.9330193996429443
61,8.250732421875,3.950486898422241
61,8.15408992767334,3.9813766479492188
61,10.613523483276367,3.622488498687744
61,12.563982009887695,3.7478463649749756
62,10.910089492797852,3.8840036392211914
62,12.09088134765625,3.600559711456299
62,11.64857292175293,3.635327100753784
62,14.856430053710938,3.753268003463745
62,11.033324241638184,3.7847275733947754
62,8.695874214172363,3.7570765018463135
62,9.996169090270996,3.979372978210449
62,6.3956217765808105,4.496870040893555
62,9.932474136352539,4.179274559020996
62,6.24996280670166,4.090758323669434
62,9.722837448120117,3.6814486980438232
62,6.290860652923584,4.2097015380859375
62,11.278977394104004,3.7575597763061523
63,9.979979515075684,3.6226871013641357
63,11.425450325012207,3.5403594970703125
63,8.368605613708496,3.978627920150757
63,10.330180168151855,3.397195816040039
63,12.928959846496582,3.9267003536224365
63,7.615765571594238,3.778144121170044
63,10.428824424743652,4.040709495544434
63,11.176628112792969,4.029022693634033
63,5.748722553253174,4.359320640563965
63,11.446717262268066,4.047809600830078
63,8.60715103149414,4.320749282836914
63,7.0327467918396,4.085350513458252
63,8.327241897583008,4.043443202972412
64,12.275928497314453,3.878307342529297
64,7.724254608154297,3.691652297973633
64,10.78497314453125,4.010687351226807
64,6.573860168457031,3.8831870555877686
64,6.4830121994018555,3.864910840988159
64,9.754953384399414,3.665397882461548
64,9.847384452819824,4.165647506713867
64,9.591038703918457,4.268074989318848
64,6.881016254425049,4.176394462585449
64,16.32727813720703,3.9199399948120117
64,9.099764823913574,4.428548336029053
64,13.308706283569336,4.4111328125
64,7.978944301605225,4.08205509185791
65,9.701519966125488,3.8976852893829346
65,9.528447151184082,4.212270736694336
65,8.718755722045898,4.045860767364502
65,11.833784103393555,3.7706384658813477
65,8.18110466003418,4.09188175201416
65,9.186614990234375,3.8434042930603027
65,5.173161506652832,3.8792479038238525
65,7.762147426605225,4.024308681488037
65,10.622169494628906,3.983090877532959
65,11.97370719909668,3.541163921356201
65,8.886351585388184,3.7534561157226562
65,12.96932601928711,3.983417272567749
65,6.566068649291992,4.198620319366455
66,6.609650135040283,4.013436794281006
66,12.196619033813477,4.129823207855225
66,10.750496864318848,4.226670265197754
66,12.223340034484863,3.5892999172210693
66,12.097365379333496,4.0976881980896
66,10.191079139709473,4.403070449829102
66,11.917630195617676,4.141420364379883
66,8.249485969543457,4.275728225708008
66,6.690845489501953,4.304887294769287
66,9.437006950378418,4.113849639892578
66,9.630115509033203,3.764120578765869
66,12.890421867370605,3.6594579219818115
66,6.849457263946533,4.302863121032715
67,9.513955116271973,4.144240856170654
67,6.439764022827148,4.202412128448486
67,7.824863433837891,4.2659783363342285
67,8.797067642211914,4.396775722503662
67,6.607536792755127,3.913025379180908
67,9.01204776763916,4.339162349700928
67,10.981195449829102,3.8841569423675537
67,10.544123649597168,4.144683361053467
67,8.845754623413086,4.048676490783691
67,12.039209365844727,4.355068206787109
67,8.478781700134277,4.51113748550415
67,11.48192310333252,3.5763063430786133
67,6.6978373527526855,3.8862507343292236
68,4.209263324737549,4.229729175567627
68,7.63889217376709,3.756105899810791
68,8.280654907226562,4.29606294631958
68,9.192204475402832,4.210528373718262
68,9.328893661499023,3.926105499267578
68,10.85718822479248,4.230253219604492
68,9.261658668518066,4.126849174499512
68,7.9491071701049805,4.432938098907471
68,7.747154235839844,3.982724189758301
68,8.407402038574219,4.273748397827148
68,8.898316383361816,4.434861660003662
68,4.7679762840271,4.069018363952637
68,8.239836692810059,4.591253280639648
69,5.624485015869141,4.220161437988281
69,11.918298721313477,3.9741129875183105
69,7.435667037963867,4.453447341918945
69,11.425104141235352,4.010497570037842
69,8.769706726074219,4.302814960479736
69,11.233060836791992,4.053980827331543
69,6.682040214538574,4.3941192626953125
69,4.709414482116699,4.345615863800049
69,14.791175842285156,3.6171603202819824
69,11.015626907348633,4.303369522094727
69,11.051010131835938,4.482102394104004
69,9.154084205627441,4.579782485961914
69,9.889537811279297,4.40960168838501
70,5.710062026977539,4.257934093475342
70,6.191519737243652,4.002141952514648
70,8.364785194396973,4.191418647766113
70,8.542563438415527,4.261220932006836
70,12.377052307128906,4.282480239868164
70,10.015642166137695,4.680988311767578
70,8.531434059143066,4.329316139221191
70,5.6932220458984375,4.115292072296143
70,6.784370422363281,4.324666976928711
70,4.983890533447266,4.343653678894043
70,12.483540534973145,4.259947299957275
70,10.043539047241211,4.3505120277404785
70,8.38989543914795,4.587881088256836
71,11.986751556396484,3.6129767894744873
71,12.395893096923828,3.8288350105285645
71,8.809722900390625,4.310968399047852
71,9.028467178344727,4.265474796295166
71,6.758185863494873,4.803014755249023
71,6.511214256286621,3.9426751136779785
71,10.80086898803711,4.394519805908203
71,7.166039943695068,4.190861225128174
71,7.862074851989746,4.246438503265381
71,7.875115871429443,4.476375102996826
71,5.877527713775635,4.266160488128662
71,9.603153228759766,4.151773452758789
71,8.590520858764648,4.13331413269043
72,10.991722106933594,4.026989936828613
72,4.771271228790283,4.755098342895508
72,5.925332546234131,4.5818190574646
72,9.475550651550293,4.051117897033691
72,9.835405349731445,4.33173942565918
72,10.114256858825684,4.407906532287598
72,8.44763469696045,4.175405025482178
72,12.054793357849121,4.364567756652832
72,7.326694965362549,4.867084503173828
72,9.579666137695312,4.242734432220459
72,7.074932098388672,4.354647636413574
72,8.70063304901123,4.869493007659912
72,8.945127487182617,4.574227809906006
73,7.086984157562256,3.8627114295959473
73,11.853981971740723,4.35890531539917
73,4.890703201293945,4.2762651443481445
73,7.944742202758789,4.3858232498168945
73,6.057536602020264,4.202398777008057
73,6.069417476654053,4.3870038986206055
73,5.444878101348877,4.143488883972168
73,7.678109169006348,4.266417026519775
73,8.25855827331543,4.621927261352539
73,7.483864784240723,4.32900857925415
73,10.4389009475708,4.290011882781982
73,9.026516914367676,3.8990912437438965
73,6.118980407714844,4.4875712394714355
74,6.064452171325684,4.174273490905762
74,7.537641525268555,4.618744373321533
74,13.227235794067383,3.659173011779785
74,9.842643737792969,4.603158473968506
74,13.247469902038574,4.306985378265381
74,8.981853485107422,4.427962303161621
74,8.228128433227539,4.152716636657715
74,10.758703231811523,4.256731033325195
74,6.749047756195068,4.276085376739502
74,6.211838722229004,3.985661506652832
74,7.589644432067871,3.822864294052124
74,7.415048122406006,4.158329010009766
74,7.324888706207275,4.463155746459961
75,10.658016204833984,4.041783809661865
75,11.929953575134277,4.402708530426025
75,10.39980411529541,4.192629814147949
75,10.444613456726074,3.927358388900757
75,8.47562026977539,4.390072345733643
75,8.434727668762207,4.770694255828857
75,12.614108085632324,4.333329200744629
75,7.46405553817749,4.420021057128906
75,8.091302871704102,4.080959320068359
75,10.962743759155273,4.130825042724609
75,10.365504264831543,4.5562543869018555
75,11.112966537475586,4.553653717041016
75,7.744753360748291,4.64376974105835
76,6.2351579666137695,4.3821797370910645
76,9.370698928833008,4.034904956817627
76,9.040557861328125,4.180883407592773
76,5.934964179992676,4.017294406890869
76,7.860052585601807,4.1577019691467285
76,9.239664077758789,4.168955326080322
76,8.794547080993652,3.898026466369629
76,12.228615760803223,4.514641761779785
76,10.180390357971191,4.11943244934082
76,8.702985763549805,4.6364850997924805
76,12.206517219543457,4.322985649108887
76,5.304197788238525,4.163534164428711
76,7.34622859954834,4.42040491104126
77,5.88001012802124,4.392867565155029
77,8.805509567260742,4.55484676361084
77,5.863873481750488,4.361219882965088
77,14.659269332885742,4.122862815856934
77,9.021346092224121,4.302272796630859
77,10.540834426879883,4.630898475646973
77,7.918177604675293,4.347899913787842
77,7.702733039855957,4.5508222579956055
77,7.091924667358398,4.625359535217285
77,8.467497825622559,4.707714080810547
77,7.822553634643555,4.295431137084961
77,10.006471633911133,4.228363990783691
77,7.545126914978027,4.616675853729248
78,5.495185852050781,4.178979873657227
78,8.093754768371582,4.419853210449219
78,8.248884201049805,4.158954620361328
78,7.61296272277832,4.1276984214782715
78,10.23391056060791,4.242977142333984
78,11.899726867675781,4.703405857086182
78,10.462540626525879,4.271937370300293
78,9.904711723327637,3.963970184326172
78,12.035664558410645,4.4595513343811035
78,5.990678787231445,4.289282321929932
78,8.890121459960938,4.492053031921387
78,8.091662406921387,4.586121082305908
78,14.192902565002441,4.572062969207764
79,6.467992305755615,4.285102367401123
79,9.76352310180664,4.512494087219238
79,10.67856502532959,4.485645771026611
79,10.951367378234863,4.429810047149658
79,15.020406723022461,4.218642234802246
79,6.287587642669678,4.254932403564453
79,7.9998369216918945,4.550690650939941
79,12.912861824035645,4.5576581954956055
79,8.81854248046875,4.177784442901611
79,12.276836395263672,4.574480056762695
79,9.353795051574707,4.682857513427734
79,9.802360534667969,4.426854133605957
79,7.936798572540283,4.478616714477539
80,6.70991325378418,4.6674909591674805
80,9.177560806274414,4.701991081237793
80,6.452343940734863,4.764642715454102
80,8.878984451293945,4.531757354736328
80,8.189494132995605,4.60903263092041
80,6.91945743560791,4.655747413635254
80,12.169862747192383,4.727290153503418
80,3.63516902923584,4.798976898193359
80,7.360472679138184,4.4725728034973145
80,3.83449387550354,4.080789566040039
80,12.299043655395508,5.047006607055664
80,11.997686386108398,4.349696636199951
80,7.46650505065918,4.291223526000977
81,4.752954959869385,4.860556602478027
81,8.55241870880127,4.476870059967041
81,11.850869178771973,4.692971706390381
81,7.194158554077148,4.6618428230285645
81,8.614181518554688,4.554506778717041
81,6.728992462158203,4.330342769622803
81,8.998486518859863,4.305975914001465
81,5.5211334228515625,4.816975116729736
81,8.216012954711914,4.803107738494873
81,7.990538120269775,4.300649642944336
81,14.581934928894043,4.357591152191162
81,7.1141791343688965,4.516292095184326
81,7.021766662597656,4.809427261352539
82,10.692537307739258,4.051629543304443
82,6.797610282897949,4.63389778137207
82,8.516230583190918,4.6717119216918945
82,12.838876724243164,4.270102024078369
82,10.173515319824219,4.439083099365234
82,9.240912437438965,4.352673530578613
82,10.61203384399414,4.044510841369629
82,6.184797763824463,4.707589149475098
82,9.033645629882812,4.565670967102051
82,9.624850273132324,5.091481685638428
82,6.349381446838379,4.53518533706665
82,11.655706405639648,4.262988567352295
82,10.357295989990234,4.34605598449707
83,13.284618377685547,3.920759439468384
83,9.810137748718262,4.416064262390137
83,6.953155994415283,4.666501998901367
83,10.957372665405273,4.644954681396484
83,11.855420112609863,4.550888538360596
83,12.483857154846191,4.319721698760986
83,7.903584957122803,4.492669105529785
83,10.03384017944336,4.676307678222656
83,8.672343254089355,4.347284317016602
83,10.926816940307617,4.389435768127441
83,9.848909378051758,4.37489652633667
83,13.265851974487305,4.429324150085449
83,8.273798942565918,4.780185699462891
84,6.6099677085876465,4.7967047691345215
84,8.38515567779541,4.516162395477295
84,7.531953811645508,4.523890972137451
84,8.305953979492188,4.498116493225098
84,9.374015808105469,4.479601860046387
84,14.014898300170898,4.204976558685303
84,8.192336082458496,4.517784118652344
84,6.33553409576416,4.3965301513671875
84,7.467508316040039,4.679103851318359
84,8.843124389648438,4.291760444641113
84,9.8372220993042,4.534961700439453
84,8.701949119567871,4.308453559875488
84,4.306084632873535,5.053976535797119
85,10.647224426269531,4.7681474685668945
85,10.707849502563477,4.729733467102051
85,9.412994384765625,4.848262786865234
85,11.289661407470703,4.688286304473877
85,7.216273784637451,4.597604751586914
85,10.107995986938477,4.63832950592041
85,8.94255256652832,4.698843002319336
85,6.151191711425781,4.588229179382324
85,5.401618480682373,4.605042457580566
85,11.87531566619873,4.781984329223633
85,8.621779441833496,4.4100871086120605
85,10.191556930541992,4.880570411682129
85,11.575652122497559,4.616184711456299
86,6.514361381530762,4.882568359375
86,8.255584716796875,4.574633598327637
86,13.56851577758789,4.370508670806885
86,9.860350608825684,4.5492987632751465
86,10.096532821655273,4.284209251403809
86,8.152667045593262,4.600041389465332
86,11.609954833984375,4.622626781463623
86,10.357697486877441,4.4966630935668945
86,8.133941650390625,4.6059184074401855
86,10.34257984161377,4.851722717285156
86,10.218267440795898,4.383236885070801
86,6.073333263397217,4.858317852020264
86,10.009293556213379,4.7908148765563965
87,10.791369438171387,4.458341121673584
87,9.029329299926758,4.384491920471191
87,11.66353988647461,4.297085285186768
87,6.923718452453613,4.966845512390137
87,5.511626243591309,4.525801658630371
87,9.469390869140625,4.693151473999023
87,10.588172912597656,5.0707688331604
87,9.451836585998535,4.663886547088623
87,10.370841026306152,4.289234161376953
87,7.055469512939453,4.585213661193848
87,10.925870895385742,4.828492641448975
87,5.807371139526367,5.1366376876831055
87,7.695293426513672,4.359861373901367
88,8.166206359863281,4.391743183135986
88,9.598587989807129,4.858230113983154
88,10.432342529296875,4.129845142364502
88,7.743647575378418,4.464203357696533
88,5.182229518890381,4.895130634307861
88,5.638439655303955,4.70591402053833
88,6.004475116729736,4.808199882507324
88,8.846837997436523,4.361652374267578
88,11.461219787597656,5.05416202545166
88,8.210269927978516,4.192326545715332
88,8.41465950012207,4.464092254638672
88,10.882930755615234,4.310580730438232
88,6.77024507522583,4.605289459228516
89,5.481875419616699,5.228174686431885
89,10.31622314453125,4.7002387046813965
89,9.554677963256836,4.446586608886719
89,7.668745040893555,4.772907733917236
89,10.687128067016602,4.465031147003174
89,9.594724655151367,4.988238334655762
89,7.048986911773682,4.51379919052124
89,8.46129035949707,4.758005142211914
89,9.426213264465332,4.776888370513916
89,11.281171798706055,4.622721195220947
89,8.74772834777832,4.377408504486084
89,7.698793888092041,4.8602728843688965
89,9.50243854522705,4.662261486053467
90,7.966526985168457,5.244085311889648
90,6.923428535461426,4.919905185699463
90,8.178866386413574,4.76566743850708
90,11.159743309020996,4.45151424407959
90,7.5112996101379395,4.930379867553711
90,8.569600105285645,5.1719255447387695
90,7.189221382141113,4.878537178039551
90,10.261801719665527,4.314319610595703
90,13.477499961853027,4.714744567871094
90,10.172544479370117,4.5128936767578125
90,10.256043434143066,4.257144927978516
90,7.063194751739502,4.827885627746582
90,10.313253402709961,4.5010175704956055
91,10.351174354553223,4.673060894012451
91,11.814785957336426,4.531450271606445
91,9.318488121032715,4.544713973999023
91,14.121047973632812,4.233570575714111
91,6.453065395355225,4.7296600341796875
91,7.920064926147461,4.676437854766846
91,9.61167049407959,4.6711273193359375
91,6.139537811279297,4.340812683105469
91,3.22485613822937,4.9969916343688965
91,11.526498794555664,4.804800510406494
91,9.625364303588867,5.008471965789795
91,12.440648078918457,4.422635078430176
91,8.276062965393066,4.979561805725098
92,12.054609298706055,4.579600811004639
92,12.237865447998047,4.5712175369262695
92,8.691234588623047,4.725421905517578
92,7.47927188873291,5.003531455993652
92,7.258976459503174,4.597509384155273
92,13.011775016784668,4.527952194213867
92,9.770509719848633,5.13128662109375
92,5.8422675132751465,4.48585319519043
92,7.5235209465026855,4.590579032897949
92,8.65303897857666,4.907866477966309
92,14.622148513793945,3.997709035873413
92,10.581268310546875,4.374162673950195
92,5.75,4.578935623168945
93,12.636439323425293,4.43370246887207
93,15.69788646697998,4.741907119750977
93,8.247050285339355,4.704261779785156
93,7.297548294067383,4.258972644805908
93,5.8209686279296875,4.673647880554199
93,6.701031684875488,4.5489182472229
93,11.77861213684082,4.656429767608643
93,7.544794082641602,4.800786018371582
93,10.128901481628418,4.878196716308594
93,5.289299488067627,4.198960781097412
93,13.344486236572266,4.53249979019165
93,9.07799243927002,4.801487445831299
93,3.971045970916748,4.395534038543701
94,7.266951560974121,5.011143207550049
94,8.716468811035156,4.180737495422363
94,7.881251335144043,4.6634840965271
94,9.227155685424805,4.25422477722168
94,8.957043647766113,4.6308512687683105
94,9.435567855834961,4.477840900421143
94,9.271869659423828,4.439706325531006
94,7.817632675170898,4.550299644470215
94,7.9260029792785645,4.7560272216796875
94,6.183742046356201,4.911334991455078
94,8.59093189239502,4.353255748748779
94,9.370796203613281,4.78902530670166
94,8.4191255569458,4.891631603240967
95,8.377171516418457,4.683919906616211
95,8.525253295898438,4.758296489715576
95,10.594223022460938,5.291601181030273
95,8.273035049438477,4.403836250305176
95,4.720369815826416,4.322263717651367
95,6.108342170715332,4.622315406799316
95,11.738173484802246,4.348658561706543
95,10.599786758422852,4.249817848205566
95,10.977294921875,4.614017009735107
95,8.201762199401855,4.751779556274414
95,7.729944229125977,4.578834533691406
95,6.49942684173584,4.69184684753418
95,13.753171920776367,4.599273204803467
96,8.490641593933105,4.418543815612793
96,6.265938758850098,4.010536193847656
96,13.878883361816406,4.481625556945801
96,7.949656009674072,4.6225199699401855
96,6.432104110717773,5.241427421569824
96,7.535946369171143,4.67903470993042
96,8.923502922058105,4.497225284576416
96,11.146425247192383,4.504634380340576
96,7.047968864440918,4.599646091461182
96,9.294893264770508,4.9678263664245605
96,9.108844757080078,4.400843143463135
96,10.657304763793945,4.844342231750488
96,8.799790382385254,4.263313293457031
97,10.633811950683594,4.673326015472412
97,4.905220031738281,4.574731349945068
97,7.807607650756836,4.898723125457764
97,7.2220869064331055,4.937160491943359
97,9.794111251831055,4.5652756690979
97,11.607911109924316,4.194886207580566
97,7.502338409423828,4.922327041625977
97,7.4855194091796875,4.74603271484375
97,9.821694374084473,4.842282772064209
97,10.755888938903809,4.867138862609863
97,7.8185858726501465,4.805030822753906
97,15.556225776672363,4.443794250488281
97,10.861604690551758,4.4039459228515625
98,11.170900344848633,4.533173084259033
98,6.299091815948486,4.535121917724609
98,7.362374782562256,4.435576915740967
98,9.804326057434082,4.434606552124023
98,6.862776279449463,4.688213348388672
98,6.6628336906433105,4.80914306640625
98,10.736552238464355,4.625431060791016
98,9.157180786132812,5.159367561340332
98,10.376091003417969,4.723633766174316
98,10.925740242004395,4.659274101257324
98,11.804838180541992,4.607938289642334
98,8.059943199157715,4.36887264251709
98,15.540108680725098,4.432518005371094
99,7.1577534675598145,4.8270368576049805
99,6.495643615722656,5.000696659088135
99,7.623754501342773,4.573482990264893
99,14.873601913452148,4.659977912902832
99,8.331493377685547,4.834057807922363
99,10.338936805725098,4.674389362335205
99,9.187207221984863,4.843579292297363
99,9.73593521118164,4.381226539611816
99,7.832221031188965,4.443151950836182
99,9.384186744689941,4.637752532958984
99,6.486548900604248,4.50997257232666
99,9.160628318786621,4.6631364822387695
99,6.979947566986084,4.42291259765625
